<ImportExportXml xmlns:xsi="http://www.w3.org/2001/XMLSchema-instance" OrganizationVersion="9.2.25061.218" OrganizationSchemaType="Standard" CRMServerServiceabilityVersion="9.2.25061.00218">
  <Entities></Entities>
  <Roles></Roles>
  <Workflows></Workflows>
  <FieldSecurityProfiles></FieldSecurityProfiles>
  <Templates />
  <EntityMaps />
  <EntityRelationships />
  <OrganizationSettings />
  <optionsets />
  <Dialogs>
    <Dialog>
      <LocalizedNames>
        <LocalizedName description="AssignCST Dialog" languagecode="1033" />
      </LocalizedNames>
      <Descriptions>
        <Description description="Shows the Assign CST dialog process." languagecode="1033" />
      </Descriptions>
      <FormId>{90980b81-9b30-4f37-894d-03cdd57c2557}</FormId>
      <UniqueName>AssignCST</UniqueName>
      <IsCustomizable>1</IsCustomizable>
      <IntroducedVersion>1.0.0.0</IntroducedVersion>
      <IsTabletEnabled>1</IsTabletEnabled>
      <CanBeDeleted>1</CanBeDeleted>
      <FormXml>
        <forms type="dialog">
          <form>
            <formparameters>
              <querystringparameter name="id_ID" type="SafeString" />
            </formparameters>
            <header id="{20A88883-CFD3-49AC-A0AC-7A5A5916B494}">
              <rows>
                <row>
                  <cell id="{B65D2006-F3EF-4A95-BAAC-AAA10F4CB370}">
                    <labels>
                      <label description="Assign CST" languagecode="1033" />
                    </labels>
                    <control id="FormHeader" classid="{39354e4a-5015-4d74-8031-ea9eb73a1322}" isunbound="true">
                      <parameters>
                        <IsTitle>true</IsTitle>
                      </parameters>
                    </control>
                  </cell>
                </row>
              </rows>
            </header>
            <tabs>
              <tab id="{4096ED0D-B54B-4A90-8E14-6DE2F97EE1DF}" verticallayout="true" name="Tab">
                <labels>
                  <label description="tab desc" languagecode="1033" />
                </labels>
                <tabfooter id="{303f1bb7-3f05-423b-8b27-135b552b8375}">
                  <rows>
                    <row>
                      <cell id="{de13da57-74b4-4242-aab0-d320672db84d}">
                        <labels>
                          <label description="التالي" languagecode="1025" />
                          <label description="Assign" languagecode="1033" />
                          <label description="Siguiente" languagecode="3082" />
                        </labels>
                        <control id="tab1footernext" classid="{00ad73da-bd4d-49c6-88a8-2f4f4cad4a20}" isunbound="true" />
                      </cell>
                      <cell id="{7B9024DA-67E3-48F6-A29D-90675D51A66D}">
                        <labels>
                          <label description="Close" languagecode="1033" />
                        </labels>
                        <control id="tab1footerclose" classid="{00ad73da-bd4d-49c6-88a8-2f4f4cad4a20}" isunbound="true" />
                      </cell>
                    </row>
                  </rows>
                </tabfooter>
                <columns>
                  <column width="100%">
                    <sections>
                      <section id="{EB813F55-D4A8-4A95-AF10-162655D9FB91}" showbar="false" columns="1" name="Section">
                        <labels>
                          <label description="section sc" languagecode="1033" />
                        </labels>
                        <rows>
                          <row />
                          <row />
                          <row>
                            <cell id="{28AB7101-C235-4DEF-A3A9-5B3915AE153B}">
                              <labels>
                                <label description="CST" languagecode="1033" />
                              </labels>
                              <control id="assign" classid="{270BD3DB-D9AF-4782-9025-509E298DEC0A}" isunbound="true">
                                <parameters>
                                  <TargetEntities>
                                    <TargetEntity>
                                      <EntityLogicalName>systemuser</EntityLogicalName>
                                    </TargetEntity>
                                    <TargetEntity>
                                      <EntityLogicalName>team</EntityLogicalName>
                                    </TargetEntity>
                                  </TargetEntities>
                                </parameters>
                              </control>
                            </cell>
                          </row>
                          <row>
                            <cell id="{5c5eb86a-f6eb-496a-a763-21d12a92b1b6}">
                              <labels>
                                <label description="QIDP" languagecode="1033" />
                              </labels>
                              <control id="qidp" classid="{270BD3DB-D9AF-4782-9025-509E298DEC0A}" isunbound="true">
                                <parameters>
                                  <TargetEntities>
                                    <TargetEntity>
                                      <EntityLogicalName>systemuser</EntityLogicalName>
                                    </TargetEntity>
                                    <TargetEntity>
                                      <EntityLogicalName>team</EntityLogicalName>
                                    </TargetEntity>
                                  </TargetEntities>
                                </parameters>
                              </control>
                            </cell>
                          </row>
                        </rows>
                      </section>
                    </sections>
                  </column>
                </columns>
              </tab>
            </tabs>
            <events>
              <event name="onclick" application="false" active="false" attribute="tab1footernext">
                <Handlers>
                  <Handler functionName="NeuWaiver.onAssingCSTClick" libraryName="neu_waiver.js" handlerUniqueId="{5E226177-8BA0-44E0-8480-C1D8D8805650}" enabled="true" parameters="" passExecutionContext="true" />
                </Handlers>
              </event>
              <event name="onclick" application="false" active="false" attribute="tab1footerclose">
                <Handlers>
                  <Handler functionName="NeuWaiver.onAssingCSTCancelClick" libraryName="neu_waiver.js" handlerUniqueId="{CF927753-8B93-49D7-B602-EDFB3273EA97}" enabled="true" parameters="" passExecutionContext="true" />
                </Handlers>
              </event>
              <event name="onload" application="false" active="false">
                <Handlers>
                  <Handler functionName="NeuWaiver.onAssingCSTLoad" libraryName="neu_waiver.js" handlerUniqueId="{124A0213-CE38-4F33-93C9-7D2B2BD83006}" enabled="true" parameters="" passExecutionContext="true" />
                </Handlers>
              </event>
            </events>
            <clientresources>
              <isvresources>
                <clientincludes>
                  <webresource type="jscript" path="$webresource:neu_waiver.js" />
                </clientincludes>
              </isvresources>
            </clientresources>
          </form>
        </forms>
      </FormXml>
    </Dialog>
  </Dialogs>
  <CustomControls />
  <EntityDataProviders />
  <Languages>
    <Language>1033</Language>
    <Language>3082</Language>
    <Language>1025</Language>
  </Languages>
</ImportExportXml>